Workbook

Sheet LED (8%)
A1: Công ty CP Bóng Đèn Phích Nước Rạng Đông
A2: Chi Nhánh Tiền Giang
A3: BẢNG BÁO GIÁ ĐÈN LED - THUẾ VAT 8%
A4: STT | B4: Sản phẩm | C4: ĐVT | D4: Giá bán cấp 1 | F4: Giá bán lẻ
D5: Chưa VAT | E5: Có VAT | F5: Chưa VAT | G5: Có VAT
B6: LED Downlight
A7: 1 | B7: Đèn LED Downlight AT06 76/3W 6500K SS | C7: đ/c | D7: 47000 | E7: =D7*1.08 -> 50760 | F7: 94444 | G7: =F7*1.08 -> 101999.52 | I7: =VLOOKUP(B7,'GIÁ 1.4'!$D:$F,2,0) -> 47000 | J7: =D7-I7 -> 0 | K7: =VLOOKUP(B7,'GIÁ 1.4'!$D:$F,3,0) -> 94444 | L7: =F7-K7 -> 0
A8: 2 | B8: Đèn LED Downlight AT06 90/5W 6500K SS | C8: đ/c | D8: 48500 | E8: =D8*1.08 -> 52380 | F8: 97037 | G8: =F8*1.08 -> 104799.96 | I8: =VLOOKUP(B8,'GIÁ 1.4'!$D:$F,2,0) -> 48500 | J8: =D8-I8 -> 0 | K8: =VLOOKUP(B8,'GIÁ 1.4'!$D:$F,3,0) -> 97037 | L8: =F8-K8 -> 0
A9: 3 | B9: Đèn LED Downlight AT06.V2 90/5W 6500K | C9: đ/c | D9: 48500 | E9: =D9*1.08 -> 52380 | F9: 97037 | G9: =F9*1.08 -> 104799.96 | I9: =VLOOKUP(B9,'GIÁ 1.4'!$D:$F,2,0) -> 48500 | J9: =D9-I9 -> 0 | K9: =VLOOKUP(B9,'GIÁ 1.4'!$D:$F,3,0) -> 97037 | L9: =F9-K9 -> 0
A10: 4 | B10: Đèn LED Downlight AT06 90/7W 6500K SS | C10: đ/c | D10: 57400 | E10: =D10*1.08 -> 61992 | F10: 114815 | G10: =F10*1.08 -> 124000.2 | I10: =VLOOKUP(B10,'GIÁ 1.4'!$D:$F,2,0) -> 57400 | J10: =D10-I10 -> 0 | K10: =VLOOKUP(B10,'GIÁ 1.4'!$D:$F,3,0) -> 114815 | L10: =F10-K10 -> 0
A11: 5 | B11: Đèn LED Downlight AT06.V2 90/7W 6500K | C11: đ/c | D11: 57400 | E11: =D11*1.08 -> 61992 | F11: 114815 | G11: =F11*1.08 -> 124000.2 | I11: =VLOOKUP(B11,'GIÁ 1.4'!$D:$F,2,0) -> 57400 | J11: =D11-I11 -> 0 | K11: =VLOOKUP(B11,'GIÁ 1.4'!$D:$F,3,0) -> 114815 | L11: =F11-K11 -> 0
A12: 6 | B12: Đèn LED Downlight AT06 110/7W 6500K SS | C12: đ/c | D12: 69000 | E12: =D12*1.08 -> 74520 | F12: 137963 | G12: =F12*1.08 -> 149000.04 | I12: =VLOOKUP(B12,'GIÁ 1.4'!$D:$F,2,0) -> 69000 | J12: =D12-I12 -> 0 | K12: =VLOOKUP(B12,'GIÁ 1.4'!$D:$F,3,0) -> 137963 | L12: =F12-K12 -> 0
A13: 7 | B13: Đèn LED Downlight AT06 110/9W 6500K SS | C13: đ/c | D13: 81200 | E13: =D13*1.08 -> 87696 | F13: 162037 | G13: =F13*1.08 -> 174999.96 | I13: =VLOOKUP(B13,'GIÁ 1.4'!$D:$F,2,0) -> 81200 | J13: =D13-I13 -> 0 | K13: =VLOOKUP(B13,'GIÁ 1.4'!$D:$F,3,0) -> 162037 | L13: =F13-K13 -> 0
A14: 8 | B14: Đèn LED Downlight AT06.V2 110/9W 6500K | C14: đ/c | D14: 81200 | E14: =D14*1.08 -> 87696 | F14: 162037 | G14: =F14*1.08 -> 174999.96 | I14: =VLOOKUP(B14,'GIÁ 1.4'!$D:$F,2,0) -> 81200 | J14: =D14-I14 -> 0 | K14: =VLOOKUP(B14,'GIÁ 1.4'!$D:$F,3,0) -> 162037 | L14: =F14-K14 -> 0
A15: 9 | B15: Đèn LED Downlight AT10 90/7W 6500K (G) | C15: đ/c | D15: 70100 | E15: =D15*1.08 -> 75708 | F15: 139815 | G15: =F15*1.08 -> 151000.2 | I15: =VLOOKUP(B15,'GIÁ 1.4'!$D:$F,2,0) -> 70100 | J15: =D15-I15 -> 0 | K15: =VLOOKUP(B15,'GIÁ 1.4'!$D:$F,3,0) -> 139815 | L15: =F15-K15 -> 0
A16: 10 | B16: Đèn LED Downlight AT10 90/7W 6500K | C16: đ/c | D16: 70100 | E16: =D16*1.08 -> 75708 | F16: 139815 | G16: =F16*1.08 -> 151000.2 | I16: =VLOOKUP(B16,'GIÁ 1.4'!$D:$F,2,0) -> 70100 | J16: =D16-I16 -> 0 | K16: =VLOOKUP(B16,'GIÁ 1.4'!$D:$F,3,0) -> 139815 | L16: =F16-K16 -> 0
A17: 11 | B17: Đèn LED Downlight AT10 110/9W 6500K (G) | C17: đ/c | D17: 83800 | E17: =D17*1.08 -> 90504 | F17: 167593 | G17: =F17*1.08 -> 181000.44 | I17: =VLOOKUP(B17,'GIÁ 1.4'!$D:$F,2,0) -> 83800 | J17: =D17-I17 -> 0 | K17: =VLOOKUP(B17,'GIÁ 1.4'!$D:$F,3,0) -> 167593 | L17: =F17-K17 -> 0
A18: 12 | B18: Đèn LED Downlight AT11 90/7W 6500K SS | C18: đ/c | D18: 54000 | E18: =D18*1.08 -> 58320 | F18: 97273 | G18: =F18*1.08 -> 105054.84 | I18: =VLOOKUP(B18,'GIÁ 1.4'!$D:$F,2,0) -> 54000 | J18: =D18-I18 -> 0 | K18: =VLOOKUP(B18,'GIÁ 1.4'!$D:$F,3,0) -> 97273 | L18: =F18-K18 -> 0
... A94: 88 | B94: Đèn LED Downlight AT06.V3 110/9W 6500K | C94: đ/c | D94: 65000 | E94: =D94*1.08 -> 70200 | F94: 129630 | G94: =F94*1.08 -> 140000.4 | I94: =VLOOKUP(B94,'GIÁ 1.4'!$D:$F,2,0) -> 65000 | J94: =D94-I94 -> 0 | K94: =VLOOKUP(B94,'GIÁ 1.4'!$D:$F,3,0) -> 129630 | L94: =F94-K94 -> 0
A95: 89 | B95: Đèn LED Downlight AT04 90/8W 6500K | C95: đ/c | D95: 70100 | E95: =D95*1.08 -> 75708 | F95: 139815 | G95: 171000 | I95: =VLOOKUP(B95,'GIÁ 1.4'!$D:$F,2,0) -> 70100 | J95: =D95-I95 -> 0 | K95: =VLOOKUP(B95,'GIÁ 1.4'!$D:$F,3,0) -> 139815 | L95: =F95-K95 -> 0
A96: 90 | B96: Đèn LED Downlight AT04 90/10W 6500K | C96: đ/c | D96: 72700 | E96: =D96*1.08 -> 78516 | F96: 145370 | G96: 182000 | I96: =VLOOKUP(B96,'GIÁ 1.4'!$D:$F,2,0) -> 72700 | J96: =D96-I96 -> 0 | K96: =VLOOKUP(B96,'GIÁ 1.4'!$D:$F,3,0) -> 145370 | L96: =F96-K96 -> 0
A97: 91 | B97: Đèn LED Downlight AT04 110/10W 6500K | C97: đ/c | D97: 83800 | E97: =D97*1.08 -> 90504 | F97: 167593 | G97: 203000 | I97: =VLOOKUP(B97,'GIÁ 1.4'!$D:$F,2,0) -> 83800 | J97: =D97-I97 -> 0 | K97: =VLOOKUP(B97,'GIÁ 1.4'!$D:$F,3,0) -> 167593 | L97: =F97-K97 -> 0
A98: 92 | B98: Đèn LED Downlight AT10 90/8W 6500K | C98: đ/c | D98: 70100 | E98: =D98*1.08 -> 75708 | F98: 139815 | G98: 171000 | I98: =VLOOKUP(B98,'GIÁ 1.4'!$D:$F,2,0) -> 70100 | J98: =D98-I98 -> 0 | K98: =VLOOKUP(B98,'GIÁ 1.4'!$D:$F,3,0) -> 139815 | L98: =F98-K98 -> 0
A99: 93 | B99: Đèn LED Downlight AT10 90/8W 6500K (G) | C99: đ/c | D99: 70100 | E99: =D99*1.08 -> 75708 | F99: 139815 | G99: 171000 | I99: =VLOOKUP(B99,'GIÁ 1.4'!$D:$F,2,0) -> 70100 | J99: =D99-I99 -> 0 | K99: =VLOOKUP(B99,'GIÁ 1.4'!$D:$F,3,0) -> 139815 | L99: =F99-K99 -> 0
A100: 94 | B100: Đèn LED Downlight AT10 110/10W 6500K | C100: đ/c | D100: 83800 | E100: =D100*1.08 -> 90504 | F100: 167593 | G100: 203000 | I100: =VLOOKUP(B100,'GIÁ 1.4'!$D:$F,2,0) -> 83800 | J100: =D100-I100 -> 0 | K100: =VLOOKUP(B100,'GIÁ 1.4'!$D:$F,3,0) -> 167593 | L100: =F100-K100 -> 0
A101: 95 | B101: Đèn LED Downlight AT10 110/10W 6500K (G) | C101: đ/c | D101: 83800 | E101: =D101*1.08 -> 90504 | F101: 167593 | G101: 203000 | I101: =VLOOKUP(B101,'GIÁ 1.4'!$D:$F,2,0) -> 83800 | J101: =D101-I101 -> 0 | K101: =VLOOKUP(B101,'GIÁ 1.4'!$D:$F,3,0) -> 167593 | L101: =F101-K101 -> 0
A102: 96 | B102: Đèn LED Downlight đổi màu AT10 90/8W | C102: đ/c | D102: 79500 | E102: =D102*1.08 -> 85860 | F102: 159259 | G102: 198000 | I102: =VLOOKUP(B102,'GIÁ 1.4'!$D:$F,2,0) -> 79500 | J102: =D102-I102 -> 0 | K102: =VLOOKUP(B102,'GIÁ 1.4'!$D:$F,3,0) -> 159259 | L102: =F102-K102 -> 0
A103: 97 | B103: Đèn LED Downlight đổi màu AT10 90/8W (G) | C103: đ/c | D103: 79500 | E103: =D103*1.08 -> 85860 | F103: 159259 | G103: 198000 | I103: =VLOOKUP(B103,'GIÁ 1.4'!$D:$F,2,0) -> 79500 | J103: =D103-I103 -> 0 | K103: =VLOOKUP(B103,'GIÁ 1.4'!$D:$F,3,0) -> 159259 | L103: =F103-K103 -> 0
A104: 98 | B104: Đèn LED Downlight đổi màu AT10 90/10W | C104: đ/c | D104: 83200 | E104: =D104*1.08 -> 89856 | F104: 166667 | G104: 205000 | I104: =VLOOKUP(B104,'GIÁ 1.4'!$D:$F,2,0) -> 83200 | J104: =D104-I104 -> 0 | K104: =VLOOKUP(B104,'GIÁ 1.4'!$D:$F,3,0) -> 166667 | L104: =F104-K104 -> 0
A105: 99 | B105: Đèn LED Downlight đổi màu AT10 90/10W (G) | C105: đ/c | D105: 83200 | E105: =D105*1.08 -> 89856 | F105: 166667 | G105: 205000 | I105: =VLOOKUP(B105,'GIÁ 1.4'!$D:$F,2,0) -> 83200 | J105: =D105-I105 -> 0 | K105: =VLOOKUP(B105,'GIÁ 1.4'!$D:$F,3,0) -> 166667 | L105: =F105-K105 -> 0
A106: 100 | B106: Đèn LED Downlight đổi màu AT10 110/10W | C106: đ/c | D106: 94600 | E106: =D106*1.08 -> 102168 | F106: 188889 | G106: 236000 | I106: =VLOOKUP(B106,'GIÁ 1.4'!$D:$F,2,0) -> 94600 | J106: =D106-I106 -> 0 | K106: =VLOOKUP(B106,'GIÁ 1.4'!$D:$F,3,0) -> 188889 | L106: =F106-K106 -> 0
A107: 101 | B107: Đèn LED Downlight đổi màu AT10 110/10W (G) | C107: đ/c | D107: 94600 | E107: =D107*1.08 -> 102168 | F107: 188889 | G107: 236000 | I107: =VLOOKUP(B107,'GIÁ 1.4'!$D:$F,2,0) -> 94600 | J107: =D107-I107 -> 0 | K107: =VLOOKUP(B107,'GIÁ 1.4'!$D:$F,3,0) -> 188889 | L107: =F107-K107 -> 0
A108: 102 | B108: Đèn LED Downlight AT56 90/8W 6500K | C108: đ/c | D108: 70100 | E108: 85320 | F108: 139815 | G108: 171000 | I108: =VLOOKUP(B108,'GIÁ 1.4'!$D:$F,2,0) -> 70100 | J108: =D108-I108 -> 0 | K108: =VLOOKUP(B108,'GIÁ 1.4'!$D:$F,3,0) -> 139815 | L108: =F108-K108 -> 0
A109: 103 | B109: Đèn LED Downlight AT56 90/8W 6500K (G) | C109: đ/c | D109: 70100 | E109: 85320 | F109: 139815 | G109: 171000 | I109: =VLOOKUP(B109,'GIÁ 1.4'!$D:$F,2,0) -> 70100 | J109: =D109-I109 -> 0 | K109: =VLOOKUP(B109,'GIÁ 1.4'!$D:$F,3,0) -> 139815 | L109: =F109-K109 -> 0
A110: 104 | B110: Đèn LED Downlight AT56 90/10W 6500K | C110: đ/c | D110: 72700 | E110: 90720 | F110: 145370 | G110: 182000 | I110: =VLOOKUP(B110,'GIÁ 1.4'!$D:$F,2,0) -> 72700 | J110: =D110-I110 -> 0 | K110: =VLOOKUP(B110,'GIÁ 1.4'!$D:$F,3,0) -> 145370 | L110: =F110-K110 -> 0
A111: 105 | B111: Đèn LED Downlight AT56 90/10W 6500K (G) | C111: đ/c | D111: 72700 | E111: 90720 | F111: 145370 | G111: 182000 | I111: =VLOOKUP(B111,'GIÁ 1.4'!$D:$F,2,0) -> 72700 | J111: =D111-I111 -> 0 | K111: =VLOOKUP(B111,'GIÁ 1.4'!$D:$F,3,0) -> 145370 | L111: =F111-K111 -> 0
A112: 106 | B112: Đèn LED Downlight AT56 110/10W 6500K | C112: đ/c | D112: 83800 | E112: 101520 | F112: 167593 | G112: 203000 | I112: =VLOOKUP(B112,'GIÁ 1.4'!$D:$F,2,0) -> 83800 | J112: =D112-I112 -> 0 | K112: =VLOOKUP(B112,'GIÁ 1.4'!$D:$F,3,0) -> 167593 | L112: =F112-K112 -> 0
A113: 107 | B113: Đèn LED Downlight AT56 110/10W 6500K (G) | C113: đ/c | D113: 83800 | E113: 101520 | F113: 167593 | G113: 203000 | I113: =VLOOKUP(B113,'GIÁ 1.4'!$D:$F,2,0) -> 83800 | J113: =D113-I113 -> 0 | K113: =VLOOKUP(B113,'GIÁ 1.4'!$D:$F,3,0) -> 167593 | L113: =F113-K113 -> 0
A114: 108 | B114: Đèn LED Downlight đổi màu AT56 90/8W | C114: đ/c | D114: 79500 | E114: 99360 | F114: 159259 | G114: 198000 | I114: =VLOOKUP(B114,'GIÁ 1.4'!$D:$F,2,0) -> 79500 | J114: =D114-I114 -> 0 | K114: =VLOOKUP(B114,'GIÁ 1.4'!$D:$F,3,0) -> 159259 | L114: =F114-K114 -> 0
A115: 109 | B115: Đèn LED Downlight đổi màu AT56 90/8W (G) | C115: đ/c | D115: 79500 | E115: 99360 | F115: 159259 | G115: 198000 | I115: =VLOOKUP(B115,'GIÁ 1.4'!$D:$F,2,0) -> 79500 | J115: =D115-I115 -> 0 | K115: =VLOOKUP(B115,'GIÁ 1.4'!$D:$F,3,0) -> 159259 | L115: =F115-K115 -> 0
A116: 110 | B116: Đèn LED Downlight đổi màu AT56 90/10W | C116: đ/c | D116: 83200 | E116: 102600 | F116: 166667 | G116: 205000 | I116: =VLOOKUP(B116,'GIÁ 1.4'!$D:$F,2,0) -> 83200 | J116: =D116-I116 -> 0 | K116: =VLOOKUP(B116,'GIÁ 1.4'!$D:$F,3,0) -> 166667 | L116: =F116-K116 -> 0
A117: 111 | B117: Đèn LED Downlight đổi màu AT56 90/10W (G) | C117: đ/c | D117: 83200 | E117: 102600 | F117: 166667 | G117: 205000 | I117: =VLOOKUP(B117,'GIÁ 1.4'!$D:$F,2,0) -> 83200 | J117: =D117-I117 -> 0 | K117: =VLOOKUP(B117,'GIÁ 1.4'!$D:$F,3,0) -> 166667 | L117: =F117-K117 -> 0
A118: 112 | B118: Đèn LED Downlight đổi màu AT56 110/10W | C118: đ/c | D118: 94600 | E118: 117720 | F118: 188889 | G118: 236000 | I118: =VLOOKUP(B118,'GIÁ 1.4'!$D:$F,2,0) -> 94600 | J118: =D118-I118 -> 0 | K118: =VLOOKUP(B118,'GIÁ 1.4'!$D:$F,3,0) -> 188889 | L118: =F118-K118 -> 0
A119: 113 | B119: Đèn LED Downlight đổi màu AT56 110/10W (G) | C119: đ/c | D119: 94600 | E119: 117720 | F119: 188889 | G119: 236000 | I119: =VLOOKUP(B119,'GIÁ 1.4'!$D:$F,2,0) -> 94600 | J119: =D119-I119 -> 0 | K119: =VLOOKUP(B119,'GIÁ 1.4'!$D:$F,3,0) -> 188889 | L119: =F119-K119 -> 0
... A121: 115 | B121: Đèn LED Downlight đổi màu AT56 110/12W (G) | C121: đ/c | D121: 97200 | E121: 119880 | F121: 194444 | G121: 240000 | I121: =VLOOKUP(B121,'GIÁ 1.4'!$D:$F,2,0) -> 97200 | J121: =D121-I121 -> 0 | K121: =VLOOKUP(B121,'GIÁ 1.4'!$D:$F,3,0) -> 194444 | L121: =F121-K121 -> 0
A122: 116 | B122: Đèn LED Downlight nổi trần đổi màu NT03 120/10W (Trắng) | D122: 84100 | E122: =D122*1.08 -> 90828 | F122: 168519 | G122: =F122*1.08 -> 182000.52 | I122: =VLOOKUP(B122,'GIÁ 1.4'!$D:$F,2,0) -> 84100 | J122: =D122-I122 -> 0 | K122: =VLOOKUP(B122,'GIÁ 1.4'!$D:$F,3,0) -> 168519 | L122: =F122-K122 -> 0
A123: 117 | B123: Đèn LED Downlight nổi trần đổi màu NT03 120/10W (Đen) | D123: 84100 | E123: =D123*1.08 -> 90828 | F123: 168519 | G123: =F123*1.08 -> 182000.52 | I123: =VLOOKUP(B123,'GIÁ 1.4'!$D:$F,2,0) -> 84100 | J123: =D123-I123 -> 0 | K123: =VLOOKUP(B123,'GIÁ 1.4'!$D:$F,3,0) -> 168519 | L123: =F123-K123 -> 0
A124: 118 | B124: Đèn LED Downlight nổi trần đổi màu NT03 120/12W (Trắng) | D124: 87900 | E124: =D124*1.08 -> 94932 | F124: 175926 | G124: =F124*1.08 -> 190000.08 | I124: =VLOOKUP(B124,'GIÁ 1.4'!$D:$F,2,0) -> 87900 | J124: =D124-I124 -> 0 | K124: =VLOOKUP(B124,'GIÁ 1.4'!$D:$F,3,0) -> 175926 | L124: =F124-K124 -> 0
A125: 119 | B125: Đèn LED Downlight nổi trần đổi màu NT03 120/12W (Đen) | D125: 87900 | E125: =D125*1.08 -> 94932 | F125: 175926 | G125: =F125*1.08 -> 190000.08 | I125: =VLOOKUP(B125,'GIÁ 1.4'!$D:$F,2,0) -> 87900 | J125: =D125-I125 -> 0 | K125: =VLOOKUP(B125,'GIÁ 1.4'!$D:$F,3,0) -> 175926 | L125: =F125-K125 -> 0
A126: 120 | B126: Đèn LED Downlight AT56 110/12W 3000K | C126: đ/c | D126: 88000 | E126: =D126*1.08 -> 95040 | F126: 175926 | G126: 216000 | I126: =VLOOKUP(B126,'GIÁ 1.4'!$D:$F,2,0) -> 88000 | J126: =D126-I126 -> 0 | K126: =VLOOKUP(B126,'GIÁ 1.4'!$D:$F,3,0) -> 175926 | L126: =F126-K126 -> 0
A127: 121 | B127: Đèn LED Downlight AT56 110/12W 6500K (G) | C127: đ/c | D127: 88000 | E127: =D127*1.08 -> 95040 | F127: 175926 | G127: 216000 | I127: =VLOOKUP(B127,'GIÁ 1.4'!$D:$F,2,0) -> 88000 | J127: =D127-I127 -> 0 | K127: =VLOOKUP(B127,'GIÁ 1.4'!$D:$F,3,0) -> 175926 | L127: =F127-K127 -> 0
A128: 122 | B128: Đèn LED Downlight đổi màu AT46 90/8W | C128: đ/c | D128: 110000 | E128: =D128*1.08 -> 118800 | F128: 220370 | G128: 238000 | I128: =VLOOKUP(B128,'GIÁ 1.4'!$D:$F,2,0) -> 110000 | J128: =D128-I128 -> 0 | K128: =VLOOKUP(B128,'GIÁ 1.4'!$D:$F,3,0) -> 220370 | L128: =F128-K128 -> 0
A129: 123 | B129: Đèn LED Downlight đổi màu AT46 90/8W (G) | C129: đ/c | D129: 110000 | E129: =D129*1.08 -> 118800 | F129: 220370 | G129: 238000 | I129: =VLOOKUP(B129,'GIÁ 1.4'!$D:$F,2,0) -> 110000 | J129: =D129-I129 -> 0 | K129: =VLOOKUP(B129,'GIÁ 1.4'!$D:$F,3,0) -> 220370 | L129: =F129-K129 -> 0
A130: 124 | B130: Đèn LED Downlight đổi màu AT46 90/10W | C130: đ/c | D130: 115000 | E130: =D130*1.08 -> 124200 | F130: 229630 | G130: 248000 | I130: =VLOOKUP(B130,'GIÁ 1.4'!$D:$F,2,0) -> 115000 | J130: =D130-I130 -> 0 | K130: =VLOOKUP(B130,'GIÁ 1.4'!$D:$F,3,0) -> 229630 | L130: =F130-K130 -> 0
A131: 125 | B131: Đèn LED Downlight đổi màu AT46 90/10W (G) | C131: đ/c | D131: 115000 | E131: =D131*1.08 -> 124200 | F131: 229630 | G131: 248000 | I131: =VLOOKUP(B131,'GIÁ 1.4'!$D:$F,2,0) -> 115000 | J131: =D131-I131 -> 0 | K131: =VLOOKUP(B131,'GIÁ 1.4'!$D:$F,3,0) -> 229630 | L131: =F131-K131 -> 0
A132: 126 | B132: Đèn LED Downlight đổi màu AT46 110/10W | C132: đ/c | D132: 130000 | E132: =D132*1.08 -> 140400 | F132: 260185 | G132: 281000 | I132: =VLOOKUP(B132,'GIÁ 1.4'!$D:$F,2,0) -> 130000 | J132: =D132-I132 -> 0 | K132: =VLOOKUP(B132,'GIÁ 1.4'!$D:$F,3,0) -> 260185 | L132: =F132-K132 -> 0
A133: 127 | B133: Đèn LED Downlight đổi màu AT46 110/10W (G) | C133: đ/c | D133: 130000 | E133: =D133*1.08 -> 140400 | F133: 260185 | G133: 281000 | I133: =VLOOKUP(B133,'GIÁ 1.4'!$D:$F,2,0) -> 130000 | J133: =D133-I133 -> 0 | K133: =VLOOKUP(B133,'GIÁ 1.4'!$D:$F,3,0) -> 260185 | L133: =F133-K133 -> 0
A134: 128 | B134: Đèn LED Downlight đổi màu AT46 110/12W | C134: đ/c | D134: 135000 | E134: =D134*1.08 -> 145800 | F134: 270370 | G134: 292000 | I134: =VLOOKUP(B134,'GIÁ 1.4'!$D:$F,2,0) -> 135000 | J134: =D134-I134 -> 0 | K134: =VLOOKUP(B134,'GIÁ 1.4'!$D:$F,3,0) -> 270370 | L134: =F134-K134 -> 0
A135: 129 | B135: Đèn LED Downlight đổi màu AT46 110/12W (G) | C135: đ/c | D135: 135000 | E135: =D135*1.08 -> 145800 | F135: 270370 | G135: 292000 | I135: =VLOOKUP(B135,'GIÁ 1.4'!$D:$F,2,0) -> 135000 | J135: =D135-I135 -> 0 | K135: =VLOOKUP(B135,'GIÁ 1.4'!$D:$F,3,0) -> 270370 | L135: =F135-K135 -> 0
A136: 130 | B136: Đèn LED Downlight đổi màu AT48 90/8W | C136: đ/c | D136: 110000 | E136: =D136*1.08 -> 118800 | F136: 220370 | G136: 238000 | I136: =VLOOKUP(B136,'GIÁ 1.4'!$D:$F,2,0) -> 110000 | J136: =D136-I136 -> 0 | K136: =VLOOKUP(B136,'GIÁ 1.4'!$D:$F,3,0) -> 220370 | L136: =F136-K136 -> 0
A137: 131 | B137: Đèn LED Downlight đổi màu AT48 90/8W (G) | C137: đ/c | D137: 110000 | E137: =D137*1.08 -> 118800 | F137: 220370 | G137: 238000 | I137: =VLOOKUP(B137,'GIÁ 1.4'!$D:$F,2,0) -> 110000 | J137: =D137-I137 -> 0 | K137: =VLOOKUP(B137,'GIÁ 1.4'!$D:$F,3,0) -> 220370 | L137: =F137-K137 -> 0
... A153: 147 | B153: Đèn LED Downlight AT05 170/30W.PLUS 6500K | C153: đ/c | D153: 0 | E153: =D153*1.08 -> 0 | F153: 407407 | G153: 440000 | I153: =VLOOKUP(B153,'GIÁ 1.4'!$D:$F,2,0) -> 0 | J153: =D153-I153 -> 0 | K153: =VLOOKUP(B153,'GIÁ 1.4'!$D:$F,3,0) -> 407407 | L153: =F153-K153 -> 0
B154: Bóng Đèn Led | E154: =D154*1.08 -> 0 | G154: =F154*1.08 -> 0
A155: 1 | B155: Bóng LED Tube T8 600/10W 6500K SS | C155: đ/c | D155: 68600 | E155: =D155*1.08 -> 74088 | F155: 137037 | G155: =F155*1.08 -> 147999.96 | I155: =VLOOKUP(B155,'GIÁ 1.4'!$D:$F,2,0) -> 68600 | J155: =D155-I155 -> 0 | K155: =VLOOKUP(B155,'GIÁ 1.4'!$D:$F,3,0) -> 137037 | L155: =F155-K155 -> 0
A156: 2 | B156: Bóng LED Tube T8 1200/20W 6500K LPF SS | C156: đ/c | D156: 105000 | E156: =D156*1.08 -> 113400 | F156: 210185 | G156: =F156*1.08 -> 226999.8 | I156: =VLOOKUP(B156,'GIÁ 1.4'!$D:$F,2,0) -> 105000 | J156: =D156-I156 -> 0 | K156: =VLOOKUP(B156,'GIÁ 1.4'!$D:$F,3,0) -> 210185 | L156: =F156-K156 -> 0
A157: 3 | B157: Bóng LED Tube T8 N02 600/10W 6500K SS | C157: đ/c | D157: 44100 | E157: =D157*1.08 -> 47628 | F157: 87963 | G157: =F157*1.08 -> 95000.04 | I157: =VLOOKUP(B157,'GIÁ 1.4'!$D:$F,2,0) -> 44100 | J157: =D157-I157 -> 0 | K157: =VLOOKUP(B157,'GIÁ 1.4'!$D:$F,3,0) -> 87963 | L157: =F157-K157 -> 0
A158: 4 | B158: Bóng LED Tube T8 N02 1200/20W 6500K | C158: đ/c | D158: 51200 | E158: =D158*1.08 -> 55296 | F158: 107407 | G158: =F158*1.08 -> 115999.56 | I158: =VLOOKUP(B158,'GIÁ 1.4'!$D:$F,2,0) -> 51200 | J158: =D158-I158 -> 0 | K158: =VLOOKUP(B158,'GIÁ 1.4'!$D:$F,3,0) -> 107407 | L158: =F158-K158 -> 0
A159: 5 | B159: Bóng LED Tube T8 TT01 600/10W 6500K SS | C159: đ/c | D159: 35400 | E159: =D159*1.08 -> 38232 | F159: 70833 | G159: =F159*1.08 -> 76499.64 | I159: =VLOOKUP(B159,'GIÁ 1.4'!$D:$F,2,0) -> 35400 | J159: =D159-I159 -> 0 | K159: =VLOOKUP(B159,'GIÁ 1.4'!$D:$F,3,0) -> 70833 | L159: =F159-K159 -> 0
A160: 6 | B160: Bóng LED Tube T8 TT01 1200/20W 6500K | C160: đ/c | D160: 42000 | E160: =D160*1.08 -> 45360 | F160: 83981 | G160: =F160*1.08 -> 90699.48 | I160: =VLOOKUP(B160,'GIÁ 1.4'!$D:$F,2,0) -> 42000 | J160: =D160-I160 -> 0 | K160: =VLOOKUP(B160,'GIÁ 1.4'!$D:$F,3,0) -> 83981 | L160: =F160-K160 -> 0
A161: 7 | B161: Bóng LED Tube T8 TT01 1200/20W.H 6500K (150Lm/W) | C161: đ/c | D161: 72000 | E161: =D161*1.08 -> 77760 | F161: 144444 | G161: =F161*1.08 -> 155999.52 | I161: =VLOOKUP(B161,'GIÁ 1.4'!$D:$F,2,0) -> 72000 | J161: =D161-I161 -> 0 | K161: =VLOOKUP(B161,'GIÁ 1.4'!$D:$F,3,0) -> 144444 | L161: =F161-K161 -> 0
A162: 8 | B162: Bóng LED Tube T8 600/10W 6500K (ĐX) SS | C162: đ/c | D162: 62000 | E162: =D162*1.08 -> 66960 | F162: 124000 | G162: =F162*1.08 -> 133920 | I162: =VLOOKUP(B162,'GIÁ 1.4'!$D:$F,2,0) -> 62000 | J162: =D162-I162 -> 0 | K162: =VLOOKUP(B162,'GIÁ 1.4'!$D:$F,3,0) -> 124000 | L162: =F162-K162 -> 0
A163: 9 | B163: Bóng LED Tube T8 1200/18W 6500K (ĐX) SS | C163: đ/c | D163: 90500 | E163: =D163*1.08 -> 97740 | F163: 181000 | G163: =F163*1.08 -> 195480 | I163: =VLOOKUP(B163,'GIÁ 1.4'!$D:$F,2,0) -> 90500 | J163: =D163-I163 -> 0 | K163: =VLOOKUP(B163,'GIÁ 1.4'!$D:$F,3,0) -> 181000 | L163: =F163-K163 -> 0
A164: 10 | B164: Bóng LED Tube cảm biến T8.RAD 1200/18W 6500K SS | C164: đ/c | D164: 148500 | E164: =D164*1.08 -> 160380 | F164: 297000 | G164: =F164*1.08 -> 320760 | I164: =VLOOKUP(B164,'GIÁ 1.4'!$D:$F,2,0) -> 148500 | J164: =D164-I164 -> 0 | K164: =VLOOKUP(B164,'GIÁ 1.4'!$D:$F,3,0) -> 297000 | L164: =F164-K164 -> 0
B165: Bộ đèn Led | E165: =D165*1.08 -> 0 | G165: =F165*1.08 -> 0
A166: 1 | B166: Bộ đèn LED Tube T8 M11/10Wx1 6500K SS | C166: đ/c | D166: 99000 | E166: =D166*1.08 -> 106920 | F166: 198148 | G166: =F166*1.08 -> 213999.84 | I166: =VLOOKUP(B166,'GIÁ 1.4'!$D:$F,2,0) -> 99000 | J166: =D166-I166 -> 0 | K166: =VLOOKUP(B166,'GIÁ 1.4'!$D:$F,3,0) -> 198148 | L166: =F166-K166 -> 0
A167: 2 | B167: Bộ đèn LED Tube T8 M11/20Wx1 6500K (LPF) SS | C167: đ/c | D167: 146000 | E167: =D167*1.08 -> 157680 | F167: 291667 | G167: =F167*1.08 -> 315000.36 | I167: =VLOOKUP(B167,'GIÁ 1.4'!$D:$F,2,0) -> 146000 | J167: =D167-I167 -> 0 | K167: =VLOOKUP(B167,'GIÁ 1.4'!$D:$F,3,0) -> 291667 | L167: =F167-K167 -> 0
A168: 3 | B168: Bộ đèn LED Tube T8 N02 M11/10Wx1 6500K | C168: đ/c | D168: 66800 | E168: =D168*1.08 -> 72144 | F168: 125926 | G168: =F168*1.08 -> 136000.08 | I168: =VLOOKUP(B168,'GIÁ 1.4'!$D:$F,2,0) -> 66800 | J168: =D168-I168 -> 0 | K168: =VLOOKUP(B168,'GIÁ 1.4'!$D:$F,3,0) -> 125926 | L168: =F168-K168 -> 0
A169: 4 | B169: Bộ đèn LED Tube T8 TT01 M11/20Wx1 6500K | C169: đ/c | D169: 85800 | E169: =D169*1.08 -> 92664 | F169: 151852 | G169: =F169*1.08 -> 164000.16 | I169: =VLOOKUP(B169,'GIÁ 1.4'!$D:$F,2,0) -> 85800 | J169: =D169-I169 -> 0 | K169: =VLOOKUP(B169,'GIÁ 1.4'!$D:$F,3,0) -> 151852 | L169: =F169-K169 -> 0
A170: 5 | B170: Bộ đèn LED Tube T8 N02 M11/20Wx1 6500K | C170: đ/c | D170: 85100 | E170: =D170*1.08 -> 91908 | F170: 178704 | G170: =F170*1.08 -> 193000.32 | I170: =VLOOKUP(B170,'GIÁ 1.4'!$D:$F,2,0) -> 85100 | J170: =D170-I170 -> 0 | K170: =VLOOKUP(B170,'GIÁ 1.4'!$D:$F,3,0) -> 178704 | L170: =F170-K170 -> 0
A171: 6 | B171: Bộ đèn LED Tube T8 TT01 M21.1/10Wx1 6500K | C171: đ/c | D171: 56000 | E171: =D171*1.08 -> 60480 | F171: 112037 | G171: =F171*1.08 -> 120999.96 | I171: =VLOOKUP(B171,'GIÁ 1.4'!$D:$F,2,0) -> 56000 | J171: =D171-I171 -> 0 | K171: =VLOOKUP(B171,'GIÁ 1.4'!$D:$F,3,0) -> 112037 | L171: =F171-K171 -> 0
A172: 7 | B172: Bộ đèn LED Tube T8 TT01 M21.1/20Wx1 6500K | C172: đ/c | D172: 71000 | E172: =D172*1.08 -> 76680 | F172: 141667 | G172: =F172*1.08 -> 153000.36 | I172: =VLOOKUP(B172,'GIÁ 1.4'!$D:$F,2,0) -> 71000 | J172: =D172-I172 -> 0 | K172: =VLOOKUP(B172,'GIÁ 1.4'!$D:$F,3,0) -> 141667 | L172: =F172-K172 -> 0
A173: 8 | B173: Bộ đèn LED Tube T8 N02 M21.1/20Wx1 6500K | C173: đ/c | D173: 77900 | E173: =D173*1.08 -> 84132 | F173: 146296 | G173: =F173*1.08 -> 157999.68 | I173: =VLOOKUP(B173,'GIÁ 1.4'!$D:$F,2,0) -> 77900 | J173: =D173-I173 -> 0 | K173: =VLOOKUP(B173,'GIÁ 1.4'!$D:$F,3,0) -> 146296 | L173: =F173-K173 -> 0
A174: 9 | B174: Bộ đèn LED Tube T8 TT01 M21.1/22Wx1 6500K (NR) SS | C174: đ/c | D174: 81000 | E174: =D174*1.08 -> 87480 | F174: 180000 | G174: =F174*1.08 -> 194400 | I174: =VLOOKUP(B174,'GIÁ 1.4'!$D:$F,2,0) -> 81000 | J174: =D174-I174 -> 0 | K174: =VLOOKUP(B174,'GIÁ 1.4'!$D:$F,3,0) -> 180000 | L174: =F174-K174 -> 0
A175: 10 | B175: Bộ đèn LED M15 300x1200/36W 6500K SS | C175: đ/c | D175: 532000 | E175: =D175*1.08 -> 574560 | F175: 1063889 | G175: =F175*1.08 -> 1149000.1 | I175: =VLOOKUP(B175,'GIÁ 1.4'!$D:$F,2,0) -> 532000 | J175: =D175-I175 -> 0 | K175: =VLOOKUP(B175,'GIÁ 1.4'!$D:$F,3,0) -> 1063889 | L175: =F175-K175 -> 0
A176: 11 | B176: Bộ đèn LED M15 600x600/36W 6500K SS | C176: đ/c | D176: 532000 | E176: =D176*1.08 -> 574560 | F176: 1063889 | G176: =F176*1.08 -> 1149000.1 | I176: =VLOOKUP(B176,'GIÁ 1.4'!$D:$F,2,0) -> 532000 | J176: =D176-I176 -> 0 | K176: =VLOOKUP(B176,'GIÁ 1.4'!$D:$F,3,0) -> 1063889 | L176: =F176-K176 -> 0
A177: 12 | B177: Bộ đèn LED M15 600x1200/72W 6500K SS | C177: đ/c | D177: 783000 | E177: =D177*1.08 -> 845640 | F177: 1565741 | G177: =F177*1.08 -> 1691000.3 | I177: =VLOOKUP(B177,'GIÁ 1.4'!$D:$F,2,0) -> 783000 | J177: =D177-I177 -> 0 | K177: =VLOOKUP(B177,'GIÁ 1.4'!$D:$F,3,0) -> 1565741 | L177: =F177-K177 -> 0
... A186: 21 | B186: Bộ đèn LED M26 1200/40W 6500K | C186: đ/c | D186: 126000 | E186: =D186*1.08 -> 136080 | F186: 251852 | G186: =F186*1.08 -> 272000.16 | I186: =VLOOKUP(B186,'GIÁ 1.4'!$D:$F,2,0) -> 126000 | J186: =D186-I186 -> 0 | K186: =VLOOKUP(B186,'GIÁ 1.4'!$D:$F,3,0) -> 251852 | L186: =F186-K186 -> 0
A187: 22 | B187: Bộ đèn LED đổi màu M26 1200/40W | C187: đ/c | D187: 155000 | E187: =D187*1.08 -> 167400 | F187: 310185 | G187: 440000 | I187: =VLOOKUP(B187,'GIÁ 1.4'!$D:$F,2,0) -> 155000 | J187: =D187-I187 -> 0 | K187: =VLOOKUP(B187,'GIÁ 1.4'!$D:$F,3,0) -> 310185 | L187: =F187-K187 -> 0
A188: 23 | B188: Bộ đèn LED M36 600/20W 6500K | C188: đ/c | D188: 98600 | E188: =D188*1.08 -> 106488 | F188: 197222 | G188: =F188*1.08 -> 212999.76 | I188: =VLOOKUP(B188,'GIÁ 1.4'!$D:$F,2,0) -> 98600 | J188: =D188-I188 -> 0 | K188: =VLOOKUP(B188,'GIÁ 1.4'!$D:$F,3,0) -> 197222 | L188: =F188-K188 -> 0
A189: 24 | B189: Bộ đèn LED M36 1200/40W 6500K | C189: đ/c | D189: 126000 | E189: =D189*1.08 -> 136080 | F189: 251852 | G189: =F189*1.08 -> 272000.16 | I189: =VLOOKUP(B189,'GIÁ 1.4'!$D:$F,2,0) -> 126000 | J189: =D189-I189 -> 0 | K189: =VLOOKUP(B189,'GIÁ 1.4'!$D:$F,3,0) -> 251852 | L189: =F189-K189 -> 0
A190: 25 | B190: Bộ đèn LED đổi màu M36 1200/40W | C190: đ/c | D190: 155000 | E190: =D190*1.08 -> 167400 | F190: 310185 | G190: 440000 | I190: =VLOOKUP(B190,'GIÁ 1.4'!$D:$F,2,0) -> 155000 | J190: =D190-I190 -> 0 | K190: =VLOOKUP(B190,'GIÁ 1.4'!$D:$F,3,0) -> 310185 | L190: =F190-K190 -> 0
A191: 26 | B191: Bộ gá đèn đa năng | C191: đ/c | D191: 44000 | E191: =D191*1.08 -> 47520 | F191: 87963 | G191: =F191*1.08 -> 95000.04 | I191: =VLOOKUP(B191,'GIÁ 1.4'!$D:$F,2,0) -> 44000 | J191: =D191-I191 -> 0 | K191: =VLOOKUP(B191,'GIÁ 1.4'!$D:$F,3,0) -> 87963 | L191: =F191-K191 -> 0
A192: 27 | B192: Bộ xoay góc đèn M36 | C192: đ/c | D192: 11000 | E192: =D192*1.08 -> 11880 | F192: 22222 | G192: =F192*1.08 -> 23999.76 | I192: =VLOOKUP(B192,'GIÁ 1.4'!$D:$F,2,0) -> 11000 | J192: =D192-I192 -> 0 | K192: =VLOOKUP(B192,'GIÁ 1.4'!$D:$F,3,0) -> 22222 | L192: =F192-K192 -> 0
A193: 28 | B193: Bộ đèn LED M38 1200/40W 6500K | C193: đ/c | D193: 162000 | E193: =D193*1.08 -> 174960 | F193: 324074 | G193: =F193*1.08 -> 349999.92 | I193: =VLOOKUP(B193,'GIÁ 1.4'!$D:$F,2,0) -> 162000 | J193: =D193-I193 -> 0 | K193: =VLOOKUP(B193,'GIÁ 1.4'!$D:$F,3,0) -> 324074 | L193: =F193-K193 -> 0
A194: 29 | B194: Bộ đèn LED Tube T5 LT03 300/4W 6500K SS | C194: đ/c | D194: 52700 | E194: =D194*1.08 -> 56916 | F194: 97963 | G194: =F194*1.08 -> 105800.04 | I194: =VLOOKUP(B194,'GIÁ 1.4'!$D:$F,2,0) -> 52700 | J194: =D194-I194 -> 0 | K194: =VLOOKUP(B194,'GIÁ 1.4'!$D:$F,3,0) -> 97963 | L194: =F194-K194 -> 0
A195: 30 | B195: Bộ đèn LED Tube T5 LT03 600/8W 6500K SS | C195: đ/c | D195: 58600 | E195: =D195*1.08 -> 63288 | F195: 103704 | G195: =F195*1.08 -> 112000.32 | I195: =VLOOKUP(B195,'GIÁ 1.4'!$D:$F,2,0) -> 58600 | J195: =D195-I195 -> 0 | K195: =VLOOKUP(B195,'GIÁ 1.4'!$D:$F,3,0) -> 103704 | L195: =F195-K195 -> 0
A196: 31 | B196: Bộ đèn LED Tube T5 LT03 1200/16W 6500K SS | C196: đ/c | D196: 82500 | E196: =D196*1.08 -> 89100 | F196: 146296 | G196: =F196*1.08 -> 157999.68 | I196: =VLOOKUP(B196,'GIÁ 1.4'!$D:$F,2,0) -> 82500 | J196: =D196-I196 -> 0 | K196: =VLOOKUP(B196,'GIÁ 1.4'!$D:$F,3,0) -> 146296 | L196: =F196-K196 -> 0
A197: 32 | B197: Bộ đèn LED Tube T8 LT01 1200/18W 6500K | C197: đ/c | D197: 110800 | E197: =D197*1.08 -> 119664 | F197: 200000 | G197: =F197*1.08 -> 216000 | I197: =VLOOKUP(B197,'GIÁ 1.4'!$D:$F,2,0) -> 110800 | J197: =D197-I197 -> 0 | K197: =VLOOKUP(B197,'GIÁ 1.4'!$D:$F,3,0) -> 200000 | L197: =F197-K197 -> 0
A198: 33 | B198: Bộ đèn LED Tube T8 CA01/20Wx1 6500K SS | C198: đ/c | D198: 400000 | E198: =D198*1.08 -> 432000 | F198: 800000 | G198: =F198*1.08 -> 864000 | I198: =VLOOKUP(B198,'GIÁ 1.4'!$D:$F,2,0) -> 400000 | J198: =D198-I198 -> 0 | K198: =VLOOKUP(B198,'GIÁ 1.4'!$D:$F,3,0) -> 800000 | L198: =F198-K198 -> 0
A199: 34 | B199: Bộ đèn LED Tube T8 CA01/20Wx2 6500K SS | C199: đ/c | D199: 555000 | E199: =D199*1.08 -> 599400 | F199: 1110185 | G199: =F199*1.08 -> 1198999.8 | I199: =VLOOKUP(B199,'GIÁ 1.4'!$D:$F,2,0) -> 555000 | J199: =D199-I199 -> 0 | K199: =VLOOKUP(B199,'GIÁ 1.4'!$D:$F,3,0) -> 1110185 | L199: =F199-K199 -> 0
...

Sheet GIÁ 1.4
D1: 1 | E1: 2 | F1: 3
A2: # | B2: Tên chủng loại | C2: Mã Hàng hóa | D2: Mô tả hàng hóa | E2: P0003-Giá cấp 1 MN | F2: P0018-Giá lẻ niêm yết
A3: 1 | B3: Bộ đèn LED | C3: 00000266 | D3: Bộ đèn LED Tube T8 M9/22Wx1.GO 5000K | E3: 0 | F3: 0
A4: 2 | B4: Bộ đèn LED | C4: LED00005508 | D4: Bộ đèn LED TUBE T8 M9/18Wx2 Trắng S(110V) | E4: 0 | F4: 0
A5: 3 | B5: Bộ đèn LED | C5: LED00006000 | D5: Bộ đèn LED Tube T8 M9/18Wx1 3000K | E5: 0 | F5: 0
A6: 4 | B6: Bộ đèn LED | C6: LED00012349 | D6: Bộ đèn LED Tube T8 CA01/18Wx2 6500K SS | E6: 503000 | F6: 1006000
A7: 5 | B7: Bộ đèn LED | C7: LED00012752 | D7: Bộ đèn LED Tube T5 LT03 600/8W 6500K SS | E7: 58600 | F7: 103704
A8: 6 | B8: Bộ đèn LED | C8: LED00014194 | D8: Bộ đèn LED CSLH/20Wx1 6500K SS | E8: 0 | F8: 645370
A9: 7 | B9: Bộ đèn LED | C9: LED00014195 | D9: Bộ đèn LED Tube T8 CSLH/20Wx2 6500K SS | E9: 550000 | F9: 882407
A10: 8 | B10: Bộ đèn LED | C10: LED00019550 | D10: LED LUMINAIRE FS T8 12Wx4-M6-6500K(XK) | E10: 0 | F10: 0
A11: 9 | B11: Bộ đèn LED | C11: LED00025158 | D11: Bộ LED Tube T8 M11/10Wx1 6500K SS-CT | E11: 99000 | F11: 198148
A12: 10 | B12: Bộ đèn LED | C12: LED00025465 | D12: Bộ đèn LED M26 600/18W 6500K | E12: 84900 | F12: 179630
A13: 11 | B13: Bộ đèn LED | C13: LED00026383 | D13: Bộ đèn LED Tube T8 M11/20Wx1.DA 6500K SS | E13: 0 | F13: 0
A14: 12 | B14: Bộ đèn LED | C14: LED00026507 | D14: Bộ đèn LED chống nổ CN01 1200/36W.DA 6500K | E14: 0 | F14: 2170000
... A2363: 2361 | B2363: LED công suất cao | C2363: LED00072862 | D2363: Đèn LED Highbay HB02 430/150W 6500K | E2363: 1319000 | F2363: 2637963
A2364: 2362 | B2364: LED công suất cao | C2364: LED00073352 | E2364: 1645000 | F2364: 3289815
A2365: 2363 | B2365: LED công suất cao | C2365: LED00073635 | D2365: Đèn LED chiếu sáng đường CSD10 80W.NEMA 4000K | E2365: 0 | F2365: 5900000
A2366: 2364 | B2366: LED công suất cao | C2366: LED00074456 | D2366: Đèn LED Highbay GDXL1074 3FT 320W 4000K (Yankon) | E2366: 0 | F2366: 0
A2367: 2365 | B2367: LED công suất cao | C2367: LED00074474 | D2367: Đèn LED chiếu sáng đường NLMT CSD08.SL 100W 4000K | E2367: 0 | F2367: 0
A2368: 2366 | B2368: LED công suất cao | C2368: LED00075185 | D2368: Tấm Solar Poly crystalline CP03.SL.RAD 300W.V2 (TP)-CT | E2368: 0 | F2368: 0
A2369: 2367 | B2369: LED công suất cao | C2369: LED00079607 | D2369: Đèn LED Chiếu pha CP12 50W 6500K | E2369: 213000 | F2369: 425926
A2370: 2368 | B2370: LED công suất cao | C2370: LED00079707 | D2370: Đèn chiếu sáng đường NLMT CSD08.SL.HB 120W 5000K | E2370: 0 | F2370: 0
A2371: 2369 | B2371: LED công suất cao | C2371: LED00080145 | D2371: Đèn LED NLMT NX.SL.RAD 300W 6500K | E2371: 1390000 | F2371: 2779630
A2372: 2370 | B2372: LED công suất cao | C2372: LED00080217 | D2372: Đèn LED Chiếu pha CP12 100W 6500K | E2372: 523000 | F2372: 1046296
A2373: 2371 | B2373: LED công suất cao | C2373: LED00082850 | D2373: Đèn LED Chiếu pha CP12 10W 3000K | E2373: 96800 | F2373: 193519
A2374: 2372 | B2374: LED công suất cao | C2374: LED00082852 | D2374: Đèn LED Chiếu pha CP12 30W 3000K | E2374: 155000 | F2374: 310185
A2375: 2373 | B2375: LED công suất cao | C2375: LED00083164 | D2375: Đèn LED Chiếu pha CPT02 6W.APG 3000K (20D) | E2375: 0 | F2375: 0
A2376: 2374 | B2376: LED Downlight + Panel tròn | C2376: LED00005241 | D2376: Đèn Led Downlight AT03 76/3W 6500K | E2376: 38700 | F2376: 66667
... A7768: 7766 | B7768: Vỏ phích & phụ tùng phích | C7768: PHN00017614 | D7768: Vỏ phích Inox 1.0L-MOR | E7768: 0 | F7768: 0
